id,name,email,created_at
1,John Doe,john.doe@example.com,2024-01-15 10:30:00
2,Jane Smith,jane.smith@example.com,2024-01-16 11:45:00
3,Bob Johnson,bob.johnson@example.com,2024-01-17 09:20:00
4,Alice Williams,alice.williams@example.com,2024-01-18 14:10:00
5,Charlie Brown,charlie.brown@example.com,2024-01-19 16:55:00
6,Diana Prince,diana.prince@example.com,2024-01-20 08:30:00
7,Eve Anderson,eve.anderson@example.com,2024-01-21 13:15:00
8,Frank Miller,frank.miller@example.com,2024-01-22 10:45:00
9,Grace Lee,grace.lee@example.com,2024-01-23 15:20:00
10,Henry Wilson,henry.wilson@example.com,2024-01-24 11:00:00
